<?xml version="1.0" encoding="utf-8"?>
<sim_out>
    <eng_info>
        <engine>SimAnneal</engine>
        <version>TBD</version>
        <return_code>0</return_code>
        <timestamp>Thu Dec 16 16:46:47 2021</timestamp>
        <time_elapsed_s>0.334756</time_elapsed_s>
    </eng_info>
    <sim_params>
        <T_e_inv_point>0.09995</T_e_inv_point>
        <T_init>500</T_init>
        <T_min>2</T_min>
        <T_schedule>exponential</T_schedule>
        <anneal_cycles>10000</anneal_cycles>
        <debye_length>5</debye_length>
        <eps_r>5.6</eps_r>
        <hop_attempt_factor>5</hop_attempt_factor>
        <mu>-0.32</mu>
        <muzm>-0.32</muzm>
        <num_instances>40</num_instances>
        <phys_validity_check_cycles>10</phys_validity_check_cycles>
        <reset_T_during_v_freeze_reset>false</reset_T_during_v_freeze_reset>
        <result_queue_size>0.1</result_queue_size>
        <strategic_v_freeze_reset>false</strategic_v_freeze_reset>
        <v_freeze_end_point>0.4</v_freeze_end_point>
        <v_freeze_init>-1</v_freeze_init>
        <v_freeze_reset>-1</v_freeze_reset>
        <v_freeze_threshold>4</v_freeze_threshold>
    </sim_params>
    <physloc>
        <dbdot x="-15.360000" y="15.360000"/>
        <dbdot x="-15.360000" y="23.040000"/>
        <dbdot x="-15.360000" y="38.400000"/>
        <dbdot x="-7.680000" y="46.080000"/>
        <dbdot x="61.440000" y="38.400000"/>
        <dbdot x="76.800000" y="38.400000"/>
        <dbdot x="92.160000" y="38.400000"/>
        <dbdot x="99.840000" y="38.400000"/>
        <dbdot x="138.240000" y="38.400000"/>
        <dbdot x="-7.680000" y="94.410000"/>
        <dbdot x="-15.360000" y="102.090000"/>
        <dbdot x="-30.720000" y="102.090000"/>
        <dbdot x="-38.400000" y="102.090000"/>
        <dbdot x="49.920000" y="46.080000"/>
        <dbdot x="49.920000" y="92.160000"/>
        <dbdot x="57.600000" y="102.090000"/>
        <dbdot x="57.600000" y="117.450000"/>
        <dbdot x="57.600000" y="130.560000"/>
        <dbdot x="57.600000" y="138.240000"/>
        <dbdot x="57.600000" y="178.890000"/>
        <dbdot x="7.680000" y="56.010000"/>
        <dbdot x="7.680000" y="84.480000"/>
        <dbdot x="57.600000" y="161.280000"/>
        <dbdot x="57.600000" y="153.600000"/>
        <dbdot x="115.200000" y="38.400000"/>
        <dbdot x="122.880000" y="38.400000"/>
        <dbdot x="34.560000" y="63.690000"/>
        <dbdot x="23.040000" y="69.120000"/>
        <dbdot x="34.560000" y="76.800000"/>
        <dbdot x="-49.920000" y="102.090000"/>
    </physloc>
    <elec_dist>
        <dist energy="2.172477" count="1000" physically_valid="1" state_count="3">-0-00-0--0--0--0-0-----00--00-</dist>
        <dist energy="1.544994" count="1000" physically_valid="1" state_count="3">-0-0-0-0--0-00-0-0---0-0-0-00-</dist>
        <dist energy="1.857788" count="2000" physically_valid="1" state_count="3">-0-00-0--0--0-0-0-0---0-0-00--</dist>
        <dist energy="1.860591" count="1000" physically_valid="1" state_count="3">-0-0-0-0-0--00-0-0-----0-0-00-</dist>
        <dist energy="1.537373" count="18000" physically_valid="1" state_count="3">-0-00-0---0-0-0-0-0--00-0-00--</dist>
        <dist energy="1.845712" count="12000" physically_valid="1" state_count="3">-0-00-0---0-0--0-0---0-00-00--</dist>
        <dist energy="1.268719" count="5000" physically_valid="0" state_count="3">-0-0-0-0--0-000-0-0--00--000--</dist>
    </elec_dist>
</sim_out>
